date,sales_quantity,revenue,day_of_week,day_of_month,week_of_year,month,quarter,year,is_weekend,is_month_start,is_month_end,sales_quantity_rolling_7d,sales_quantity_rolling_14d,sales_quantity_rolling_30d,sales_quantity_lag_1d,sales_quantity_lag_7d,sales_quantity_lag_14d,ds,y
2024-12-26,178,1974.8,3,26,52,12,4,2024,0,0,0,178.0,178.0,178.0,178.0,178.0,178.0,2024-12-26,178
2024-12-27,191,2155.33,4,27,52,12,4,2024,0,0,0,184.5,184.5,184.5,178.0,178.0,178.0,2024-12-27,191
2024-12-28,193,2185.6,5,28,52,12,4,2024,1,0,0,187.33,187.33,187.33,191.0,178.0,178.0,2024-12-28,193
2024-12-29,222,2536.87,6,29,52,12,4,2024,1,0,0,196.0,196.0,196.0,193.0,178.0,178.0,2024-12-29,222
2024-12-30,196,2284.48,0,30,1,12,4,2024,0,0,0,196.0,196.0,196.0,222.0,178.0,178.0,2024-12-30,196
2024-12-31,259,2996.29,1,31,1,12,4,2024,0,0,1,206.5,206.5,206.5,196.0,178.0,178.0,2024-12-31,259
2025-01-01,138,1580.1599999999999,2,1,1,1,1,2025,0,1,0,196.71,196.71,196.71,259.0,178.0,178.0,2025-01-01,138
2025-01-02,253,2959.51,3,2,1,1,1,2025,0,0,0,207.43,203.75,203.75,138.0,178.0,178.0,2025-01-02,253
2025-01-03,234,2764.73,4,3,1,1,1,2025,0,0,0,213.57,207.11,207.11,253.0,191.0,178.0,2025-01-03,234
2025-01-04,275,3269.51,5,4,1,1,1,2025,1,0,0,225.29,213.9,213.9,234.0,193.0,178.0,2025-01-04,275
2025-01-05,204,2428.26,6,5,1,1,1,2025,1,0,0,222.71,213.0,213.0,275.0,222.0,178.0,2025-01-05,204
2025-01-06,257,3083.48,0,6,2,1,1,2025,0,0,0,231.43,216.67,216.67,204.0,196.0,178.0,2025-01-06,257
2025-01-07,277,3323.0699999999997,1,7,2,1,1,2025,0,0,0,234.0,221.31,221.31,257.0,259.0,178.0,2025-01-07,277
2025-01-08,239,2917.5,2,8,2,1,1,2025,0,0,0,248.43,222.57,222.57,277.0,138.0,178.0,2025-01-08,239
2025-01-09,269,3256.9399999999996,3,9,2,1,1,2025,0,0,0,250.71,229.07,225.67,239.0,253.0,178.0,2025-01-09,269
2025-01-10,203,2469.64,4,10,2,1,1,2025,0,0,0,246.29,229.93,224.25,269.0,234.0,191.0,2025-01-10,203
2025-01-11,148,1804.85,5,11,2,1,1,2025,1,0,0,228.14,226.71,219.76,203.0,275.0,193.0,2025-01-11,148
2025-01-12,292,3427.0099999999998,6,12,2,1,1,2025,1,0,0,240.71,231.71,223.78,148.0,204.0,222.0,2025-01-12,292
2025-01-13,218,2672.5,0,13,3,1,1,2025,0,0,0,235.14,233.29,223.47,292.0,257.0,196.0,2025-01-13,218
2025-01-14,310,3818.99,1,14,3,1,1,2025,0,0,0,239.86,236.93,227.8,218.0,277.0,259.0,2025-01-14,310
2025-01-15,363,4272.82,2,15,3,1,1,2025,0,0,0,257.57,253.0,234.24,310.0,239.0,138.0,2025-01-15,363
2025-01-16,358,4211.41,3,16,3,1,1,2025,0,0,0,270.29,260.5,239.86,363.0,269.0,253.0,2025-01-16,358
2025-01-17,238,2930.2400000000002,4,17,3,1,1,2025,0,0,0,275.29,260.79,239.78,358.0,203.0,234.0,2025-01-17,238
2025-01-18,310,3670.7299999999996,5,18,3,1,1,2025,1,0,0,298.43,263.29,242.71,238.0,148.0,275.0,2025-01-18,310
2025-01-19,180,2223.53,6,19,3,1,1,2025,1,0,0,282.43,261.57,240.2,310.0,292.0,204.0,2025-01-19,180
2025-01-20,283,3490.9700000000003,0,20,4,1,1,2025,0,0,0,291.71,263.43,241.85,180.0,218.0,257.0,2025-01-20,283
2025-01-21,248,3056.33,1,21,4,1,1,2025,0,0,0,282.86,261.36,242.07,283.0,310.0,277.0,2025-01-21,248
2025-01-22,389,4589.41,2,22,4,1,1,2025,0,0,0,286.57,272.07,247.32,248.0,363.0,239.0,2025-01-22,389
2025-01-23,256,3123.43,3,23,4,1,1,2025,0,0,0,272.0,271.14,247.62,389.0,358.0,269.0,2025-01-23,256
2025-01-24,250,3062.5699999999997,4,24,4,1,1,2025,0,0,0,273.71,274.5,247.7,256.0,238.0,203.0,2025-01-24,250
2025-01-25,206,2500.5,5,25,4,1,1,2025,1,0,0,258.86,278.64,248.63,250.0,310.0,148.0,2025-01-25,206
2025-01-26,215,2611.1,6,26,4,1,1,2025,1,0,0,263.86,273.14,249.43,206.0,180.0,292.0,2025-01-26,215
2025-01-27,313,3782.7200000000003,0,27,5,1,1,2025,0,0,0,268.14,279.93,253.43,215.0,283.0,218.0,2025-01-27,313
2025-01-28,355,4266.3099999999995,1,28,5,1,1,2025,0,0,0,283.43,283.14,257.87,313.0,248.0,310.0,2025-01-28,355
2025-01-29,267,3183.16,2,29,5,1,1,2025,0,0,0,266.0,276.29,260.23,355.0,389.0,363.0,2025-01-29,267
2025-01-30,282,3345.67,3,30,5,1,1,2025,0,0,0,269.71,270.86,261.0,267.0,256.0,358.0,2025-01-30,282
2025-01-31,127,1467.4699999999998,4,31,5,1,1,2025,0,0,1,252.14,262.93,260.63,282.0,250.0,238.0,2025-01-31,127
2025-02-01,235,2757.57,5,1,5,2,1,2025,1,1,0,256.29,257.57,260.03,127.0,206.0,310.0,2025-02-01,235
2025-02-02,277,3245.11,6,2,5,2,1,2025,1,0,0,265.14,264.5,261.47,235.0,215.0,180.0,2025-02-02,277
2025-02-03,278,3243.15,0,3,6,2,1,2025,0,0,0,260.14,264.14,261.57,277.0,313.0,283.0,2025-02-03,278
2025-02-04,229,2681.9,1,4,6,2,1,2025,0,0,0,242.14,262.79,262.4,278.0,355.0,248.0,2025-02-04,229
2025-02-05,343,3942.55,2,5,6,2,1,2025,0,0,0,253.0,259.5,265.27,229.0,267.0,389.0,2025-02-05,343
2025-02-06,167,1917.45,3,6,6,2,1,2025,0,0,0,236.57,253.14,261.6,343.0,282.0,256.0,2025-02-06,167
2025-02-07,291,3317.5499999999997,4,7,6,2,1,2025,0,0,0,260.0,256.07,263.33,167.0,127.0,250.0,2025-02-07,291
2025-02-08,227,2555.71,5,8,6,2,1,2025,1,0,0,258.86,257.57,261.93,291.0,235.0,206.0,2025-02-08,227
2025-02-09,261,2924.4,6,9,6,2,1,2025,1,0,0,256.57,260.86,263.87,227.0,277.0,215.0,2025-02-09,261
2025-02-10,299,3328.2200000000003,0,10,7,2,1,2025,0,0,0,259.57,259.86,268.9,261.0,278.0,313.0,2025-02-10,299
2025-02-11,337,3726.2,1,11,7,2,1,2025,0,0,0,275.0,258.57,270.4,299.0,229.0,355.0,2025-02-11,337
2025-02-12,274,3006.5600000000004,2,12,7,2,1,2025,0,0,0,265.14,259.07,272.27,337.0,343.0,267.0,2025-02-12,274
2025-02-13,388,4295.34,3,13,7,2,1,2025,0,0,0,296.71,266.64,274.87,274.0,167.0,282.0,2025-02-13,388
2025-02-14,315,3405.79,4,14,7,2,1,2025,0,0,0,300.14,280.07,273.27,388.0,291.0,127.0,2025-02-14,315
2025-02-15,234,2489.64,5,15,7,2,1,2025,1,0,0,301.14,280.0,269.13,315.0,227.0,235.0,2025-02-15,234
2025-02-16,284,3026.89,6,16,7,2,1,2025,1,0,0,304.43,280.5,270.67,234.0,261.0,277.0,2025-02-16,284
2025-02-17,390,4269.49,0,17,8,2,1,2025,0,0,0,317.43,288.5,273.33,284.0,299.0,278.0,2025-02-17,390
2025-02-18,354,3723.1000000000004,1,18,8,2,1,2025,0,0,0,319.86,297.43,279.13,390.0,337.0,229.0,2025-02-18,354
2025-02-19,367,3842.4500000000003,2,19,8,2,1,2025,0,0,0,333.14,299.14,281.93,354.0,274.0,343.0,2025-02-19,367
2025-02-20,247,2566.79,3,20,8,2,1,2025,0,0,0,313.0,304.86,281.9,367.0,388.0,167.0,2025-02-20,247
2025-02-21,311,3229.54,4,21,8,2,1,2025,0,0,0,312.43,306.29,279.3,247.0,315.0,291.0,2025-02-21,311
2025-02-22,176,1781.23,5,22,8,2,1,2025,1,0,0,304.14,302.64,276.63,311.0,234.0,227.0,2025-02-22,176
2025-02-23,258,2641.23,6,23,8,2,1,2025,1,0,0,300.43,302.43,276.9,176.0,284.0,261.0,2025-02-23,258
2025-02-24,205,2132.6,0,24,9,2,1,2025,0,0,0,274.0,295.71,276.87,258.0,390.0,299.0,2025-02-24,205
2025-02-25,332,3388.93,1,25,9,2,1,2025,0,0,0,270.86,295.36,280.77,205.0,354.0,337.0,2025-02-25,332
2025-02-26,376,3827.2799999999997,2,26,9,2,1,2025,0,0,0,272.14,302.64,282.87,332.0,367.0,274.0,2025-02-26,376
2025-02-27,342,3468.28,3,27,9,2,1,2025,0,0,0,285.71,299.36,282.43,376.0,247.0,388.0,2025-02-27,342
2025-02-28,324,3273.45,4,28,9,2,1,2025,0,0,1,287.57,300.0,284.33,342.0,311.0,315.0,2025-02-28,324
2025-03-01,273,2753.96,5,1,9,3,1,2025,1,1,0,301.43,302.79,284.03,324.0,176.0,234.0,2025-03-01,273
2025-03-02,268,2694.44,6,2,9,3,1,2025,1,0,0,302.86,301.64,288.73,273.0,258.0,284.0,2025-03-02,268
2025-03-03,311,3128.25,0,3,10,3,1,2025,0,0,0,318.0,296.0,291.27,268.0,205.0,390.0,2025-03-03,311
2025-03-04,349,3514.91,1,4,10,3,1,2025,0,0,0,320.43,295.64,293.67,311.0,332.0,354.0,2025-03-04,349
2025-03-05,303,3084.56,2,5,10,3,1,2025,0,0,0,310.0,291.07,294.5,349.0,376.0,367.0,2025-03-05,303
2025-03-06,353,3563.88,3,6,10,3,1,2025,0,0,0,311.57,298.64,298.63,303.0,342.0,247.0,2025-03-06,353
2025-03-07,314,3183.15,4,7,10,3,1,2025,0,0,0,310.14,298.86,297.67,353.0,324.0,311.0,2025-03-07,314
2025-03-08,209,2151.84,5,8,10,3,1,2025,1,0,0,301.0,301.21,299.07,314.0,273.0,176.0,2025-03-08,209
2025-03-09,273,2774.83,6,9,10,3,1,2025,1,0,0,301.71,302.29,298.47,209.0,268.0,258.0,2025-03-09,273
2025-03-10,347,3558.21,0,10,11,3,1,2025,0,0,0,306.86,312.43,302.47,273.0,311.0,205.0,2025-03-10,347
2025-03-11,372,3807.7799999999997,1,11,11,3,1,2025,0,0,0,310.14,315.29,306.17,347.0,349.0,332.0,2025-03-11,372
2025-03-12,372,3819.16,2,12,11,3,1,2025,0,0,0,320.0,315.0,308.6,372.0,303.0,376.0,2025-03-12,372
2025-03-13,336,3479.92,3,13,11,3,1,2025,0,0,0,317.57,314.57,308.57,372.0,353.0,342.0,2025-03-13,336
2025-03-14,354,3670.9,4,14,11,3,1,2025,0,0,0,323.29,316.71,311.23,336.0,314.0,324.0,2025-03-14,354
2025-03-15,311,3254.6400000000003,5,15,11,3,1,2025,1,0,0,337.86,319.43,308.67,354.0,209.0,273.0,2025-03-15,311
2025-03-16,276,2889.88,6,16,11,3,1,2025,1,0,0,338.29,320.0,307.37,311.0,273.0,268.0,2025-03-16,276
2025-03-17,390,4117.65,0,17,12,3,1,2025,0,0,0,344.43,325.64,312.57,276.0,347.0,311.0,2025-03-17,390
2025-03-18,355,3756.21,1,18,12,3,1,2025,0,0,0,342.0,326.07,314.93,390.0,372.0,349.0,2025-03-18,355
2025-03-19,285,3004.0299999999997,2,19,12,3,1,2025,0,0,0,329.57,324.79,311.43,355.0,372.0,303.0,2025-03-19,285
2025-03-20,297,3197.63,3,20,12,3,1,2025,0,0,0,324.0,320.79,309.53,285.0,336.0,353.0,2025-03-20,297
2025-03-21,312,3366.0,4,21,12,3,1,2025,0,0,0,318.0,320.64,307.7,297.0,354.0,314.0,2025-03-21,312
2025-03-22,342,3718.21,5,22,12,3,1,2025,1,0,0,322.43,330.14,310.87,312.0,311.0,209.0,2025-03-22,342
2025-03-23,171,1874.21,6,23,12,3,1,2025,1,0,0,307.43,322.86,306.2,342.0,276.0,273.0,2025-03-23,171
2025-03-24,357,3931.7,0,24,13,3,1,2025,0,0,0,302.71,323.57,312.23,171.0,390.0,347.0,2025-03-24,357
2025-03-25,446,5080.24,1,25,13,3,1,2025,0,0,0,315.71,328.86,318.5,357.0,355.0,372.0,2025-03-25,446
2025-03-26,408,4571.2,2,26,13,3,1,2025,0,0,0,333.29,331.43,325.27,446.0,285.0,372.0,2025-03-26,408
2025-03-27,367,4140.6900000000005,3,27,13,3,1,2025,0,0,0,343.29,333.64,326.43,408.0,297.0,336.0,2025-03-27,367
2025-03-28,384,4401.17,4,28,13,3,1,2025,0,0,0,353.57,335.79,326.7,367.0,312.0,354.0,2025-03-28,384
2025-03-29,324,3710.7799999999997,5,29,13,3,1,2025,1,0,0,351.0,336.71,326.1,384.0,342.0,311.0,2025-03-29,324
2025-03-30,302,3484.26,6,30,13,3,1,2025,1,0,0,369.71,338.57,325.37,324.0,171.0,276.0,2025-03-30,302
2025-03-31,364,4213.76,0,31,14,3,1,2025,0,0,1,370.71,336.71,328.4,302.0,357.0,390.0,2025-03-31,364
2025-04-01,400,4661.8,1,1,14,4,2,2025,0,1,0,364.14,339.93,332.8,364.0,446.0,355.0,2025-04-01,400
2025-04-02,421,4920.65,2,2,14,4,2,2025,0,0,0,366.0,349.64,336.47,400.0,408.0,285.0,2025-04-02,421
2025-04-03,368,4338.33,3,3,14,4,2,2025,0,0,0,366.14,354.71,337.1,421.0,367.0,297.0,2025-04-03,368
2025-04-04,330,3906.8900000000003,4,4,14,4,2,2025,0,0,0,358.43,356.0,338.0,368.0,384.0,312.0,2025-04-04,330
2025-04-05,286,3420.59,5,5,14,4,2,2025,1,0,0,353.0,352.0,335.77,330.0,324.0,342.0,2025-04-05,286
2025-04-06,188,2207.37,6,6,14,4,2,2025,1,0,0,336.71,353.21,331.57,286.0,302.0,171.0,2025-04-06,188
2025-04-07,457,5393.0,0,7,15,4,2,2025,0,0,0,350.0,360.36,339.83,188.0,364.0,357.0,2025-04-07,457
2025-04-08,459,5545.27,1,8,15,4,2,2025,0,0,0,358.43,361.29,346.03,457.0,400.0,446.0,2025-04-08,459
2025-04-09,229,2764.87,2,9,15,4,2,2025,0,0,0,331.0,348.5,342.1,459.0,421.0,408.0,2025-04-09,229
2025-04-10,357,4342.93,3,10,15,4,2,2025,0,0,0,329.43,347.79,341.6,229.0,368.0,367.0,2025-04-10,357
2025-04-11,360,4390.03,4,11,15,4,2,2025,0,0,0,333.71,346.07,341.2,357.0,330.0,384.0,2025-04-11,360
2025-04-12,318,3887.8900000000003,5,12,15,4,2,2025,1,0,0,338.29,345.64,340.6,360.0,286.0,324.0,2025-04-12,318
2025-04-13,330,4037.87,6,13,15,4,2,2025,1,0,0,358.57,347.64,339.8,318.0,188.0,302.0,2025-04-13,330
2025-04-14,377,4640.87,0,14,16,4,2,2025,0,0,0,347.14,348.57,342.0,330.0,457.0,364.0,2025-04-14,377
2025-04-15,361,4419.58,1,15,16,4,2,2025,0,0,0,333.14,345.79,344.83,377.0,459.0,400.0,2025-04-15,361
2025-04-16,415,5112.88,2,16,16,4,2,2025,0,0,0,359.71,345.36,345.67,361.0,229.0,421.0,2025-04-16,415
2025-04-17,385,4741.62,3,17,16,4,2,2025,0,0,0,363.71,346.57,346.67,415.0,357.0,368.0,2025-04-17,385
2025-04-18,350,4298.5599999999995,4,18,16,4,2,2025,0,0,0,362.29,348.0,348.83,385.0,360.0,330.0,2025-04-18,350
2025-04-19,299,3671.29,5,19,16,4,2,2025,1,0,0,359.57,348.93,348.9,350.0,318.0,286.0,2025-04-19,299
2025-04-20,321,3949.7,6,20,16,4,2,2025,1,0,0,358.29,358.43,349.2,299.0,330.0,188.0,2025-04-20,321
2025-04-21,396,4879.6,0,21,17,4,2,2025,0,0,0,361.0,354.07,351.0,321.0,377.0,457.0,2025-04-21,396
2025-04-22,432,5266.18,1,22,17,4,2,2025,0,0,0,371.14,352.14,359.7,396.0,361.0,459.0,2025-04-22,432
2025-04-23,429,5234.99,2,23,17,4,2,2025,0,0,0,373.14,366.43,362.1,432.0,415.0,229.0,2025-04-23,429
2025-04-24,356,4345.14,3,24,17,4,2,2025,0,0,0,369.0,366.36,359.1,429.0,385.0,357.0,2025-04-24,356
2025-04-25,392,4770.18,4,25,17,4,2,2025,0,0,0,375.0,368.64,358.57,356.0,350.0,360.0,2025-04-25,392
2025-04-26,364,4422.57,5,26,17,4,2,2025,1,0,0,384.29,371.93,358.47,392.0,299.0,318.0,2025-04-26,364
2025-04-27,323,3900.94,6,27,17,4,2,2025,1,0,0,384.57,371.43,356.43,364.0,321.0,330.0,2025-04-27,323
2025-04-28,433,5216.4400000000005,0,28,18,4,2,2025,0,0,0,389.86,375.43,360.07,323.0,396.0,377.0,2025-04-28,433
2025-04-29,464,5553.1,1,29,18,4,2,2025,0,0,0,394.43,382.79,365.47,433.0,432.0,361.0,2025-04-29,464
2025-04-30,475,5486.51,2,30,18,4,2,2025,0,0,1,401.0,387.07,369.17,464.0,429.0,415.0,2025-04-30,475
2025-05-01,386,4587.05,3,1,18,5,2,2025,0,1,0,405.29,387.14,368.7,475.0,356.0,385.0,2025-05-01,386
2025-05-02,368,4337.91,4,2,18,5,2,2025,0,0,0,401.86,388.43,366.93,386.0,392.0,350.0,2025-05-02,368
2025-05-03,326,3805.0299999999997,5,3,18,5,2,2025,1,0,0,396.43,390.36,365.53,368.0,364.0,299.0,2025-05-03,326
2025-05-04,279,3250.2299999999996,6,4,18,5,2,2025,1,0,0,390.14,387.36,363.83,326.0,323.0,321.0,2025-05-04,279
2025-05-05,420,4879.360000000001,0,5,19,5,2,2025,0,0,0,388.29,389.07,368.3,279.0,433.0,396.0,2025-05-05,420
2025-05-06,444,5120.55,1,6,19,5,2,2025,0,0,0,385.43,389.93,376.83,420.0,464.0,432.0,2025-05-06,444
2025-05-07,471,5327.73,2,7,19,5,2,2025,0,0,0,384.86,392.93,377.3,444.0,475.0,429.0,2025-05-07,471
2025-05-08,261,2913.19,3,8,19,5,2,2025,0,0,0,367.0,386.14,370.7,471.0,386.0,356.0,2025-05-08,261
2025-05-09,347,3903.04,4,9,19,5,2,2025,0,0,0,364.0,382.93,374.63,261.0,368.0,392.0,2025-05-09,347
2025-05-10,326,3654.8,5,10,19,5,2,2025,1,0,0,364.0,380.21,373.6,347.0,326.0,364.0,2025-05-10,326
2025-05-11,184,2068.67,6,11,19,5,2,2025,1,0,0,350.43,370.29,367.73,326.0,279.0,323.0,2025-05-11,184
2025-05-12,396,4360.860000000001,0,12,20,5,2,2025,0,0,0,347.0,367.64,370.33,184.0,420.0,433.0,2025-05-12,396
2025-05-13,447,4907.8,1,13,20,5,2,2025,0,0,0,347.43,366.43,374.23,396.0,444.0,464.0,2025-05-13,447
2025-05-14,412,4473.2,2,14,20,5,2,2025,0,0,0,339.0,361.93,375.4,447.0,471.0,475.0,2025-05-14,412
2025-05-15,343,3717.16,3,15,20,5,2,2025,0,0,0,350.71,358.86,374.8,412.0,261.0,386.0,2025-05-15,343
2025-05-16,395,4254.04,4,16,20,5,2,2025,0,0,0,357.57,360.79,374.13,343.0,347.0,368.0,2025-05-16,395
2025-05-17,334,3563.26,5,17,20,5,2,2025,1,0,0,358.71,361.36,372.43,395.0,326.0,326.0,2025-05-17,334
2025-05-18,279,2972.08,6,18,20,5,2,2025,1,0,0,372.29,361.36,370.07,334.0,184.0,279.0,2025-05-18,279
2025-05-19,436,4589.389999999999,0,19,21,5,2,2025,0,0,0,378.0,362.5,374.63,279.0,396.0,420.0,2025-05-19,436
2025-05-20,450,4722.02,1,20,21,5,2,2025,0,0,0,378.43,362.93,378.93,436.0,447.0,444.0,2025-05-20,450
2025-05-21,440,4581.58,2,21,21,5,2,2025,0,0,0,382.43,360.71,380.4,450.0,412.0,471.0,2025-05-21,440
2025-05-22,409,4481.55,3,22,21,5,2,2025,0,0,0,391.86,371.29,379.63,440.0,343.0,261.0,2025-05-22,409
2025-05-23,426,4652.78,4,23,21,5,2,2025,0,0,0,396.29,376.93,379.53,409.0,395.0,347.0,2025-05-23,426
2025-05-24,306,3148.58,5,24,21,5,2,2025,1,0,0,392.29,375.5,377.87,426.0,334.0,326.0,2025-05-24,306
2025-05-25,328,3363.8599999999997,6,25,21,5,2,2025,1,0,0,399.29,385.79,375.73,306.0,279.0,184.0,2025-05-25,328
2025-05-26,232,2364.86,0,26,22,5,2,2025,0,0,0,370.14,374.07,371.33,328.0,436.0,396.0,2025-05-26,232
2025-05-27,448,4549.12,1,27,22,5,2,2025,0,0,0,369.86,374.14,375.5,232.0,450.0,447.0,2025-05-27,448
2025-05-28,461,4662.38,2,28,22,5,2,2025,0,0,0,372.86,377.64,376.43,448.0,440.0,412.0,2025-05-28,461
2025-05-29,333,3371.6899999999996,3,29,22,5,2,2025,0,0,0,362.0,376.93,372.07,461.0,409.0,343.0,2025-05-29,333
2025-05-30,346,3500.42,4,30,22,5,2,2025,0,0,0,350.57,373.43,367.77,333.0,426.0,395.0,2025-05-30,346
2025-05-31,341,3445.86,5,31,22,5,2,2025,1,0,1,355.57,373.93,366.27,346.0,306.0,334.0,2025-05-31,341
2025-06-01,225,2228.19,6,1,22,6,2,2025,1,1,0,340.86,370.07,361.5,341.0,328.0,279.0,2025-06-01,225
2025-06-02,489,4935.94,0,2,23,6,2,2025,0,0,0,377.57,373.86,366.93,225.0,232.0,436.0,2025-06-02,489
2025-06-03,427,4305.7,1,3,23,6,2,2025,0,0,0,374.57,372.21,371.87,489.0,448.0,450.0,2025-06-03,427
2025-06-04,420,4240.03,2,4,23,6,2,2025,0,0,0,368.71,370.79,371.87,427.0,461.0,440.0,2025-06-04,420
2025-06-05,394,3976.32,3,5,23,6,2,2025,0,0,0,377.43,369.71,370.2,420.0,333.0,409.0,2025-06-05,394
2025-06-06,383,3873.3,4,6,23,6,2,2025,0,0,0,382.71,366.64,367.27,394.0,346.0,426.0,2025-06-06,383
2025-06-07,310,3144.6400000000003,5,7,23,6,2,2025,1,0,0,378.29,366.93,368.9,383.0,341.0,306.0,2025-06-07,310
2025-06-08,274,2783.52,6,8,23,6,2,2025,1,0,0,385.29,363.07,366.47,310.0,225.0,328.0,2025-06-08,274
2025-06-09,438,4474.1900000000005,0,9,24,6,2,2025,0,0,0,378.0,377.79,370.2,274.0,489.0,232.0,2025-06-09,438
2025-06-10,329,3345.19,1,10,24,6,2,2025,0,0,0,364.0,369.29,375.03,438.0,427.0,448.0,2025-06-10,329
2025-06-11,399,4108.55,2,11,24,6,2,2025,0,0,0,361.0,364.86,375.13,329.0,420.0,461.0,2025-06-11,399
2025-06-12,461,4930.33,3,12,24,6,2,2025,0,0,0,370.57,374.0,375.6,399.0,394.0,333.0,2025-06-12,461
2025-06-13,404,4412.15,4,13,24,6,2,2025,0,0,0,373.57,378.14,375.33,461.0,383.0,346.0,2025-06-13,404
2025-06-14,325,3409.0200000000004,5,14,24,6,2,2025,1,0,0,375.71,377.0,374.73,404.0,310.0,341.0,2025-06-14,325
2025-06-15,100,1054.17,6,15,24,6,2,2025,1,0,0,350.86,368.07,364.9,325.0,274.0,225.0,2025-06-15,100
2025-06-16,397,4223.66,0,16,25,6,2,2025,0,0,0,345.0,361.5,367.0,100.0,438.0,489.0,2025-06-16,397
2025-06-17,431,4602.49,1,17,25,6,2,2025,0,0,0,359.57,361.79,372.07,397.0,329.0,427.0,2025-06-17,431
2025-06-18,402,4315.43,2,18,25,6,2,2025,0,0,0,360.0,360.5,370.93,431.0,399.0,420.0,2025-06-18,402
2025-06-19,332,3560.3199999999997,3,19,25,6,2,2025,0,0,0,341.57,356.07,367.0,402.0,461.0,394.0,2025-06-19,332
2025-06-20,328,3573.12,4,20,25,6,2,2025,0,0,0,330.71,352.14,363.27,332.0,404.0,383.0,2025-06-20,328
2025-06-21,292,3187.52,5,21,25,6,2,2025,1,0,0,326.0,350.86,359.37,328.0,325.0,310.0,2025-06-21,292
2025-06-22,350,3880.83,6,22,25,6,2,2025,1,0,0,361.71,356.29,356.83,292.0,100.0,274.0,2025-06-22,350
2025-06-23,385,4271.98,0,23,26,6,2,2025,0,0,0,360.0,352.5,359.47,350.0,397.0,438.0,2025-06-23,385
2025-06-24,448,5017.6,1,24,26,6,2,2025,0,0,0,362.43,361.0,363.47,385.0,431.0,329.0,2025-06-24,448
2025-06-25,368,4137.46,2,25,26,6,2,2025,0,0,0,357.57,358.79,368.0,448.0,402.0,399.0,2025-06-25,368
2025-06-26,496,5622.7,3,26,26,6,2,2025,0,0,0,381.0,361.29,369.6,368.0,332.0,461.0,2025-06-26,496
2025-06-27,358,4087.6499999999996,4,27,26,6,2,2025,0,0,0,385.29,358.0,366.17,496.0,328.0,404.0,2025-06-27,358
2025-06-28,312,3583.31,5,28,26,6,2,2025,1,0,0,388.14,357.07,365.47,358.0,292.0,325.0,2025-06-28,312
2025-06-29,252,2939.21,6,29,26,6,2,2025,1,0,0,374.14,367.93,362.33,312.0,350.0,100.0,2025-06-29,252
2025-06-30,466,5376.87,0,30,27,6,2,2025,0,0,1,385.71,372.86,366.5,252.0,385.0,397.0,2025-06-30,466
2025-07-01,430,5037.08,1,1,27,7,3,2025,0,1,0,383.14,372.79,373.33,466.0,448.0,431.0,2025-07-01,430
2025-07-02,400,4728.35,2,2,27,7,3,2025,0,0,0,387.71,372.64,370.37,430.0,368.0,402.0,2025-07-02,400
2025-07-03,325,3841.6800000000003,3,3,27,7,3,2025,0,0,0,363.29,372.14,366.97,400.0,496.0,332.0,2025-07-03,325
2025-07-04,329,3922.08,4,4,27,7,3,2025,0,0,0,359.14,372.21,363.93,325.0,358.0,328.0,2025-07-04,329
2025-07-05,317,3788.06,5,5,27,7,3,2025,1,0,0,359.86,374.0,361.37,329.0,312.0,292.0,2025-07-05,317
2025-07-06,300,3601.96,6,6,27,7,3,2025,1,0,0,366.71,370.43,358.6,317.0,252.0,350.0,2025-07-06,300
2025-07-07,358,4326.42,0,7,28,7,3,2025,0,0,0,351.29,368.5,360.2,300.0,466.0,385.0,2025-07-07,358
2025-07-08,415,5019.04,1,8,28,7,3,2025,0,0,0,349.14,366.14,364.9,358.0,430.0,448.0,2025-07-08,415
2025-07-09,380,4626.3099999999995,2,9,28,7,3,2025,0,0,0,346.29,367.0,362.97,415.0,400.0,368.0,2025-07-09,380
2025-07-10,344,4201.26,3,10,28,7,3,2025,0,0,0,349.0,356.14,363.47,380.0,325.0,496.0,2025-07-10,344
2025-07-11,387,4721.85,4,11,28,7,3,2025,0,0,0,357.29,358.21,363.07,344.0,329.0,358.0,2025-07-11,387
2025-07-12,328,4022.55,5,12,28,7,3,2025,1,0,0,358.86,359.36,358.63,387.0,317.0,312.0,2025-07-12,328
2025-07-13,330,4052.87,6,13,28,7,3,2025,1,0,0,363.14,364.93,356.17,328.0,300.0,252.0,2025-07-13,330
2025-07-14,391,4822.78,0,14,29,7,3,2025,0,0,0,367.86,359.57,358.37,330.0,358.0,466.0,2025-07-14,391
2025-07-15,397,4899.16,1,15,29,7,3,2025,0,0,0,365.29,357.21,368.27,391.0,415.0,430.0,2025-07-15,397
2025-07-16,436,5268.73,2,16,29,7,3,2025,0,0,0,373.29,359.79,369.57,397.0,380.0,400.0,2025-07-16,436
2025-07-17,470,5434.61,3,17,29,7,3,2025,0,0,0,391.29,370.14,370.87,436.0,344.0,325.0,2025-07-17,470
2025-07-18,384,4739.52,4,18,29,7,3,2025,0,0,0,390.86,374.07,370.27,470.0,387.0,329.0,2025-07-18,384
2025-07-19,291,3589.84,5,19,29,7,3,2025,1,0,0,385.57,372.21,368.9,384.0,328.0,317.0,2025-07-19,291
2025-07-20,348,4129.97,6,20,29,7,3,2025,1,0,0,388.14,375.64,369.57,291.0,330.0,300.0,2025-07-20,348
2025-07-21,389,4780.8,0,21,30,7,3,2025,0,0,0,387.86,377.86,372.8,348.0,391.0,358.0,2025-07-21,389
2025-07-22,377,4620.01,1,22,30,7,3,2025,0,0,0,385.0,375.14,373.7,389.0,397.0,415.0,2025-07-22,377
2025-07-23,353,4316.36,2,23,30,7,3,2025,0,0,0,373.14,373.21,372.63,377.0,436.0,380.0,2025-07-23,353
2025-07-24,358,4365.1,3,24,30,7,3,2025,0,0,0,357.14,374.21,369.63,353.0,470.0,344.0,2025-07-24,358
2025-07-25,269,3265.17,4,25,30,7,3,2025,0,0,0,340.71,365.79,366.33,358.0,384.0,387.0,2025-07-25,269
2025-07-26,283,3402.1099999999997,5,26,30,7,3,2025,1,0,0,339.57,362.57,359.23,269.0,291.0,328.0,2025-07-26,283
2025-07-27,334,3884.66,6,27,30,7,3,2025,1,0,0,337.57,362.86,358.43,283.0,348.0,330.0,2025-07-27,334
2025-07-28,303,3643.88,0,28,31,7,3,2025,0,0,0,325.29,356.57,358.13,334.0,389.0,391.0,2025-07-28,303
2025-07-29,397,4735.19,1,29,31,7,3,2025,0,0,0,328.14,356.57,362.97,303.0,377.0,397.0,2025-07-29,397
2025-07-30,321,3832.35,2,30,31,7,3,2025,0,0,0,323.57,348.36,358.13,397.0,353.0,436.0,2025-07-30,321
2025-07-31,405,4668.03,3,31,31,7,3,2025,0,0,1,330.29,343.71,357.3,321.0,358.0,470.0,2025-07-31,405
2025-08-01,306,3584.33,4,1,31,8,3,2025,0,1,0,335.57,338.14,354.17,405.0,269.0,384.0,2025-08-01,306
2025-08-02,248,2894.74,5,2,31,8,3,2025,1,0,0,330.57,335.07,351.6,306.0,283.0,291.0,2025-08-02,248
2025-08-03,210,2402.25,6,3,31,8,3,2025,1,0,0,312.86,325.21,347.63,248.0,334.0,348.0,2025-08-03,210
2025-08-04,343,3938.86,0,4,32,8,3,2025,0,0,0,318.57,321.93,348.5,210.0,303.0,389.0,2025-08-04,343
2025-08-05,361,4129.71,1,5,32,8,3,2025,0,0,0,313.43,320.79,350.53,343.0,397.0,377.0,2025-08-05,361
2025-08-06,415,4731.71,2,6,32,8,3,2025,0,0,0,326.86,325.21,352.43,361.0,321.0,353.0,2025-08-06,415
2025-08-07,300,3370.14,3,7,32,8,3,2025,0,0,0,311.86,321.07,348.6,415.0,405.0,358.0,2025-08-07,300
2025-08-08,303,3396.3999999999996,4,8,32,8,3,2025,0,0,0,311.43,323.5,346.03,300.0,306.0,269.0,2025-08-08,303
2025-08-09,178,1985.25,5,9,32,8,3,2025,1,0,0,301.43,316.0,340.5,303.0,248.0,283.0,2025-08-09,178
2025-08-10,261,2883.2999999999997,6,10,32,8,3,2025,1,0,0,308.71,310.79,336.3,178.0,210.0,334.0,2025-08-10,261
2025-08-11,335,3671.25,0,11,33,8,3,2025,0,0,0,307.57,313.07,336.53,261.0,343.0,303.0,2025-08-11,335
2025-08-12,231,2524.05,1,12,33,8,3,2025,0,0,0,289.0,301.21,333.23,335.0,361.0,397.0,2025-08-12,231
2025-08-13,371,4004.97,2,13,33,8,3,2025,0,0,0,282.71,304.79,332.57,231.0,415.0,321.0,2025-08-13,371
2025-08-14,312,3342.6800000000003,3,14,33,8,3,2025,0,0,0,284.43,298.14,329.73,371.0,300.0,405.0,2025-08-14,312
2025-08-15,390,4349.93,4,15,33,8,3,2025,0,0,0,296.86,304.14,328.2,312.0,303.0,306.0,2025-08-15,390
2025-08-16,244,2602.38,5,16,33,8,3,2025,1,0,0,306.29,303.86,320.67,390.0,178.0,248.0,2025-08-16,244
2025-08-17,307,3248.34,6,17,33,8,3,2025,1,0,0,312.86,310.79,318.1,244.0,261.0,210.0,2025-08-17,307
2025-08-18,331,3489.1200000000003,0,18,34,8,3,2025,0,0,0,312.29,309.93,319.43,307.0,335.0,343.0,2025-08-18,331
2025-08-19,340,3562.45,1,19,34,8,3,2025,0,0,0,327.86,308.43,319.17,331.0,231.0,361.0,2025-08-19,340
2025-08-20,319,3302.11,2,20,34,8,3,2025,0,0,0,320.43,301.57,316.83,340.0,371.0,415.0,2025-08-20,319
2025-08-21,292,3011.95,3,21,34,8,3,2025,0,0,0,317.57,301.0,314.0,319.0,312.0,300.0,2025-08-21,292
2025-08-22,368,4029.51,4,22,34,8,3,2025,0,0,0,314.43,305.64,314.5,292.0,390.0,303.0,2025-08-22,368
2025-08-23,212,2168.41,5,23,34,8,3,2025,1,0,0,309.86,308.07,309.63,368.0,244.0,178.0,2025-08-23,212
2025-08-24,214,2160.26,6,24,34,8,3,2025,1,0,0,296.57,304.71,307.8,212.0,307.0,261.0,2025-08-24,214
2025-08-25,288,2923.99,0,25,35,8,3,2025,0,0,0,290.43,301.36,307.97,214.0,331.0,335.0,2025-08-25,288
2025-08-26,429,4535.549999999999,1,26,35,8,3,2025,0,0,0,303.14,315.5,311.13,288.0,340.0,231.0,2025-08-26,429
2025-08-27,281,2832.08,2,27,35,8,3,2025,0,0,0,297.71,309.07,310.4,429.0,319.0,371.0,2025-08-27,281
2025-08-28,340,3427.21,3,28,35,8,3,2025,0,0,0,304.57,311.07,308.5,281.0,292.0,312.0,2025-08-28,340
2025-08-29,317,3457.6,4,29,35,8,3,2025,0,0,0,297.29,305.86,308.37,340.0,368.0,390.0,2025-08-29,317
2025-08-30,259,2605.5,5,30,35,8,3,2025,1,0,0,304.0,306.93,303.5,317.0,212.0,244.0,2025-08-30,259
2025-08-31,270,2739.4300000000003,6,31,35,8,3,2025,1,0,1,312.0,304.29,302.3,259.0,214.0,307.0,2025-08-31,270
2025-09-01,253,2553.6,0,1,36,9,3,2025,0,1,0,307.0,298.71,302.47,270.0,288.0,331.0,2025-09-01,253
2025-09-02,332,3349.32,1,2,36,9,3,2025,0,0,0,293.14,298.14,306.53,253.0,429.0,340.0,2025-09-02,332
2025-09-03,384,4131.99,2,3,36,9,3,2025,0,0,0,307.86,302.79,307.9,332.0,281.0,319.0,2025-09-03,384
2025-09-04,294,2973.4900000000002,3,4,36,9,3,2025,0,0,0,301.29,302.93,305.67,384.0,340.0,292.0,2025-09-04,294
2025-09-05,378,4117.74,4,5,36,9,3,2025,0,0,0,310.0,303.64,304.43,294.0,317.0,368.0,2025-09-05,378
2025-09-06,224,2296.41,5,6,36,9,3,2025,1,0,0,305.0,304.5,301.9,378.0,259.0,212.0,2025-09-06,224
2025-09-07,269,2751.15,6,7,36,9,3,2025,1,0,0,304.86,308.43,300.77,224.0,270.0,214.0,2025-09-07,269
2025-09-08,270,2769.26,0,8,37,9,3,2025,0,0,0,307.29,307.14,303.83,269.0,253.0,288.0,2025-09-08,270
2025-09-09,315,3226.7799999999997,1,9,37,9,3,2025,0,0,0,304.86,299.0,305.63,270.0,332.0,429.0,2025-09-09,315
2025-09-10,275,2842.59,2,10,37,9,3,2025,0,0,0,289.29,298.57,303.63,315.0,384.0,281.0,2025-09-10,275
2025-09-11,262,2727.58,3,11,37,9,3,2025,0,0,0,284.71,293.0,304.67,275.0,294.0,340.0,2025-09-11,262
2025-09-12,184,1895.77,4,12,37,9,3,2025,0,0,0,257.0,283.5,298.43,262.0,378.0,317.0,2025-09-12,184
2025-09-13,209,2204.7200000000003,5,13,37,9,3,2025,1,0,0,254.86,279.93,295.0,184.0,224.0,259.0,2025-09-13,209
2025-09-14,222,2360.32,6,14,37,9,3,2025,1,0,0,248.14,276.5,289.4,209.0,269.0,270.0,2025-09-14,222
2025-09-15,397,4214.01,0,15,38,9,3,2025,0,0,0,266.29,286.79,294.5,222.0,270.0,253.0,2025-09-15,397
2025-09-16,288,3100.9300000000003,1,16,38,9,3,2025,0,0,0,262.43,283.64,293.87,397.0,315.0,332.0,2025-09-16,288
2025-09-17,289,3129.19,2,17,38,9,3,2025,0,0,0,264.43,276.86,292.47,288.0,275.0,384.0,2025-09-17,289
2025-09-18,347,3916.09,3,18,38,9,3,2025,0,0,0,276.57,280.64,292.7,289.0,262.0,294.0,2025-09-18,347
2025-09-19,174,1912.2,4,19,38,9,3,2025,0,0,0,275.14,266.07,287.87,347.0,184.0,378.0,2025-09-19,174
2025-09-20,234,2576.4300000000003,5,20,38,9,3,2025,1,0,0,278.71,266.79,285.93,174.0,209.0,224.0,2025-09-20,234
2025-09-21,203,2256.15,6,21,38,9,3,2025,1,0,0,276.0,262.07,280.43,234.0,222.0,269.0,2025-09-21,203
2025-09-22,238,2677.2,0,22,39,9,3,2025,0,0,0,253.29,259.79,281.3,203.0,397.0,270.0,2025-09-22,238
2025-09-23,256,2919.83,1,23,39,9,3,2025,0,0,0,248.71,255.57,282.7,238.0,288.0,315.0,2025-09-23,256
2025-09-24,253,2863.71,2,24,39,9,3,2025,0,0,0,243.57,254.0,281.53,256.0,289.0,275.0,2025-09-24,253
2025-09-25,290,3319.21,3,25,39,9,3,2025,0,0,0,235.43,256.0,276.9,253.0,347.0,262.0,2025-09-25,290
2025-09-26,273,3132.84,4,26,39,9,3,2025,0,0,0,249.57,262.36,276.63,290.0,174.0,184.0,2025-09-26,273
2025-09-27,177,2063.0299999999997,5,27,39,9,3,2025,1,0,0,241.43,260.07,271.2,273.0,234.0,209.0,2025-09-27,177
2025-09-28,210,2445.17,6,28,39,9,3,2025,1,0,0,242.43,259.21,267.63,177.0,203.0,222.0,2025-09-28,210
2025-09-29,311,3655.1099999999997,0,29,40,9,3,2025,0,0,0,252.86,253.07,269.37,210.0,238.0,397.0,2025-09-29,311
2025-09-30,243,2833.39,1,30,40,9,3,2025,0,0,1,251.0,249.86,268.47,311.0,256.0,288.0,2025-09-30,243
2025-10-01,262,3087.4,2,1,40,10,4,2025,0,1,0,252.29,247.93,268.77,243.0,253.0,289.0,2025-10-01,262
2025-10-02,279,3330.76,3,2,40,10,4,2025,0,0,0,250.71,243.07,267.0,262.0,290.0,347.0,2025-10-02,279
2025-10-03,208,2488.43,4,3,40,10,4,2025,0,0,0,241.43,245.5,261.13,279.0,273.0,174.0,2025-10-03,208
2025-10-04,189,2260.79,5,4,40,10,4,2025,1,0,0,243.14,242.29,257.63,208.0,177.0,234.0,2025-10-04,189
2025-10-05,215,2589.13,6,5,40,10,4,2025,1,0,0,243.86,243.14,252.2,189.0,210.0,203.0,2025-10-05,215
2025-10-06,342,4123.75,0,6,41,10,4,2025,0,0,0,248.29,250.57,256.13,215.0,311.0,238.0,2025-10-06,342
2025-10-07,468,5535.25,1,7,41,10,4,2025,0,0,0,280.43,265.71,262.77,342.0,243.0,256.0,2025-10-07,468
2025-10-08,362,4329.48,2,8,41,10,4,2025,0,0,0,294.71,273.5,265.83,468.0,262.0,253.0,2025-10-08,362
2025-10-09,260,3182.44,3,9,41,10,4,2025,0,0,0,292.0,271.36,264.0,362.0,279.0,290.0,2025-10-09,260
2025-10-10,189,2321.18,4,10,41,10,4,2025,0,0,0,289.29,265.36,261.13,260.0,208.0,273.0,2025-10-10,189
2025-10-11,210,2580.21,5,11,41,10,4,2025,1,0,0,292.29,267.71,259.4,189.0,189.0,177.0,2025-10-11,210
2025-10-12,153,1890.71,6,12,41,10,4,2025,1,0,0,283.43,263.64,258.37,210.0,215.0,210.0,2025-10-12,153
2025-10-13,202,2456.6099999999997,0,13,42,10,4,2025,0,0,0,263.43,255.86,258.13,153.0,342.0,311.0,2025-10-13,202
2025-10-14,270,3325.77,1,14,42,10,4,2025,0,0,0,235.14,257.79,259.73,202.0,468.0,243.0,2025-10-14,270
2025-10-15,250,3077.19,2,15,42,10,4,2025,0,0,0,219.14,256.93,254.83,270.0,362.0,262.0,2025-10-15,250
2025-10-16,145,1748.57,3,16,42,10,4,2025,0,0,0,202.71,247.36,250.07,250.0,260.0,279.0,2025-10-16,145
2025-10-17,223,2711.05,4,17,42,10,4,2025,0,0,0,207.57,248.43,247.87,145.0,189.0,208.0,2025-10-17,223
2025-10-18,242,2974.71,5,18,42,10,4,2025,1,0,0,212.14,252.21,244.37,223.0,210.0,189.0,2025-10-18,242
2025-10-19,273,3375.55,6,19,42,10,4,2025,1,0,0,229.29,256.36,247.67,242.0,153.0,215.0,2025-10-19,273
2025-10-20,250,3044.31,0,20,43,10,4,2025,0,0,0,236.14,249.79,248.2,273.0,202.0,342.0,2025-10-20,250
2025-10-21,275,3355.96,1,21,43,10,4,2025,0,0,0,236.86,236.0,250.6,250.0,270.0,468.0,2025-10-21,275
2025-10-22,234,2839.08,2,22,43,10,4,2025,0,0,0,234.57,226.86,250.47,275.0,250.0,362.0,2025-10-22,234
2025-10-23,188,2281.9,3,23,43,10,4,2025,0,0,0,240.71,221.71,248.2,234.0,145.0,260.0,2025-10-23,188
2025-10-24,210,2547.7,4,24,43,10,4,2025,0,0,0,238.86,223.21,246.77,188.0,223.0,189.0,2025-10-24,210
2025-10-25,191,2306.34,5,25,43,10,4,2025,1,0,0,231.57,221.86,243.47,210.0,242.0,210.0,2025-10-25,191
2025-10-26,185,2215.93,6,26,43,10,4,2025,1,0,0,219.0,224.14,240.53,191.0,273.0,153.0,2025-10-26,185
2025-10-27,257,3056.61,0,27,44,10,4,2025,0,0,0,220.0,228.07,243.2,185.0,250.0,202.0,2025-10-27,257
2025-10-28,307,3647.71,1,28,44,10,4,2025,0,0,0,224.57,230.71,246.43,257.0,275.0,270.0,2025-10-28,307
2025-10-29,260,3068.85,2,29,44,10,4,2025,0,0,0,228.29,231.43,244.73,307.0,234.0,250.0,2025-10-29,260
2025-10-30,165,1923.45,3,30,44,10,4,2025,0,0,0,225.0,232.86,242.13,260.0,188.0,145.0,2025-10-30,165
2025-10-31,241,2799.42,4,31,44,10,4,2025,0,0,1,229.43,234.14,241.43,165.0,210.0,223.0,2025-10-31,241
2025-11-01,208,2408.0299999999997,5,1,44,11,4,2025,1,1,0,231.86,231.71,239.07,241.0,191.0,242.0,2025-11-01,208
2025-11-02,171,1985.25,6,2,44,11,4,2025,1,0,0,229.86,224.43,237.83,208.0,185.0,273.0,2025-11-02,171
2025-11-03,276,3151.8,0,3,45,11,4,2025,0,0,0,232.57,226.29,240.73,171.0,257.0,250.0,2025-11-03,276
2025-11-04,301,3427.44,1,4,45,11,4,2025,0,0,0,231.71,228.14,243.6,276.0,307.0,275.0,2025-11-04,301
2025-11-05,236,2647.14,2,5,45,11,4,2025,0,0,0,228.29,228.29,240.07,301.0,260.0,234.0,2025-11-05,236
2025-11-06,269,2999.2,3,6,45,11,4,2025,0,0,0,243.14,234.07,233.43,236.0,165.0,188.0,2025-11-06,269
2025-11-07,222,2449.99,4,7,45,11,4,2025,0,0,0,240.43,234.93,228.77,269.0,241.0,210.0,2025-11-07,222
2025-11-08,205,2218.29,5,8,45,11,4,2025,1,0,0,240.0,235.93,226.93,222.0,208.0,191.0,2025-11-08,205
2025-11-09,129,1399.1,6,9,45,11,4,2025,1,0,0,234.0,231.93,224.93,205.0,171.0,185.0,2025-11-09,129
2025-11-10,297,3231.2,0,10,46,11,4,2025,0,0,0,237.0,234.79,227.83,129.0,276.0,257.0,2025-11-10,297
2025-11-11,263,2838.6800000000003,1,11,46,11,4,2025,0,0,0,231.57,231.64,231.5,297.0,301.0,307.0,2025-11-11,263
2025-11-12,200,2138.5299999999997,2,12,46,11,4,2025,0,0,0,226.43,227.36,231.43,263.0,236.0,260.0,2025-11-12,200
2025-11-13,248,2644.5299999999997,3,13,46,11,4,2025,0,0,0,223.43,233.29,230.7,200.0,269.0,165.0,2025-11-13,248
2025-11-14,252,2688.75,4,14,46,11,4,2025,0,0,0,227.71,234.07,230.77,248.0,222.0,241.0,2025-11-14,252
2025-11-15,215,2261.5699999999997,5,15,46,11,4,2025,1,0,0,229.14,234.57,233.1,252.0,205.0,208.0,2025-11-15,215
2025-11-16,270,2855.82,6,16,46,11,4,2025,1,0,0,249.29,241.64,234.67,215.0,129.0,171.0,2025-11-16,270
2025-11-17,266,2778.2,0,17,47,11,4,2025,0,0,0,244.86,240.93,235.47,270.0,297.0,276.0,2025-11-17,266
2025-11-18,271,2817.79,1,18,47,11,4,2025,0,0,0,246.0,238.79,235.4,266.0,263.0,301.0,2025-11-18,271
2025-11-19,287,2954.1,2,19,47,11,4,2025,0,0,0,258.43,242.43,236.63,271.0,200.0,236.0,2025-11-19,287
2025-11-20,118,1180.85,3,20,47,11,4,2025,0,0,0,239.86,231.64,231.4,287.0,248.0,269.0,2025-11-20,118
2025-11-21,160,1664.5700000000002,4,21,47,11,4,2025,0,0,0,226.71,227.21,228.93,118.0,252.0,222.0,2025-11-21,160
2025-11-22,146,1488.59,5,22,47,11,4,2025,1,0,0,216.86,223.0,227.53,160.0,215.0,205.0,2025-11-22,146
2025-11-23,176,1771.01,6,23,47,11,4,2025,1,0,0,203.43,226.36,226.4,146.0,270.0,129.0,2025-11-23,176
2025-11-24,255,2594.51,0,24,48,11,4,2025,0,0,0,201.86,223.36,228.53,176.0,266.0,297.0,2025-11-24,255
2025-11-25,190,1918.6399999999999,1,25,48,11,4,2025,0,0,0,190.29,218.14,228.7,255.0,271.0,263.0,2025-11-25,190
2025-11-26,258,2607.2,2,26,48,11,4,2025,0,0,0,186.14,222.29,228.73,190.0,287.0,200.0,2025-11-26,258
2025-11-27,312,3427.35,3,27,48,11,4,2025,0,0,0,213.86,226.86,228.9,258.0,118.0,248.0,2025-11-27,312
2025-11-28,238,2402.08,4,28,48,11,4,2025,0,0,0,225.0,225.86,228.17,312.0,160.0,252.0,2025-11-28,238
2025-11-29,193,1974.73,5,29,48,11,4,2025,1,0,0,231.71,224.29,229.1,238.0,146.0,215.0,2025-11-29,193
2025-11-30,249,2471.46,6,30,48,11,4,2025,1,0,1,242.14,222.79,229.37,193.0,176.0,270.0,2025-11-30,249
2025-12-01,248,2490.0,0,1,49,12,4,2025,0,1,0,241.14,221.5,230.7,249.0,255.0,266.0,2025-12-01,248
2025-12-02,268,2706.74,1,2,49,12,4,2025,0,0,0,252.29,221.29,233.93,248.0,190.0,271.0,2025-12-02,268
2025-12-03,264,2686.45,2,3,49,12,4,2025,0,0,0,253.14,219.64,233.53,268.0,258.0,287.0,2025-12-03,264
2025-12-04,204,2082.39,3,4,49,12,4,2025,0,0,0,237.71,225.79,230.3,264.0,312.0,118.0,2025-12-04,204
2025-12-05,247,2516.66,4,5,49,12,4,2025,0,0,0,239.0,232.0,230.67,204.0,238.0,160.0,2025-12-05,247
2025-12-06,279,2838.48,5,6,49,12,4,2025,1,0,0,251.29,241.5,231.0,247.0,193.0,146.0,2025-12-06,279
2025-12-07,157,1612.2600000000002,6,7,49,12,4,2025,1,0,0,238.14,240.14,228.83,279.0,249.0,176.0,2025-12-07,157
2025-12-08,235,2429.3900000000003,0,8,50,12,4,2025,0,0,0,236.29,238.71,229.83,157.0,248.0,255.0,2025-12-08,235
2025-12-09,389,4276.05,1,9,50,12,4,2025,0,0,0,253.57,252.93,238.5,235.0,268.0,190.0,2025-12-09,389
2025-12-10,242,2513.56,2,10,50,12,4,2025,0,0,0,250.43,251.79,236.67,389.0,264.0,258.0,2025-12-10,242
2025-12-11,174,1823.15,3,11,50,12,4,2025,0,0,0,246.14,241.93,233.7,242.0,204.0,312.0,2025-12-11,174
2025-12-12,210,2214.5,4,12,50,12,4,2025,0,0,0,240.86,239.93,234.03,174.0,247.0,238.0,2025-12-12,210
2025-12-13,216,2275.4700000000003,5,13,50,12,4,2025,1,0,0,231.86,241.57,232.97,210.0,279.0,193.0,2025-12-13,216
2025-12-14,172,1788.81,6,14,50,12,4,2025,1,0,0,234.0,236.07,230.3,216.0,157.0,249.0,2025-12-14,172
2025-12-15,200,2170.77,0,15,51,12,4,2025,0,0,0,229.0,232.64,229.8,172.0,235.0,248.0,2025-12-15,200
2025-12-16,332,3710.15,1,16,51,12,4,2025,0,0,0,220.86,237.21,231.87,200.0,389.0,268.0,2025-12-16,332
2025-12-17,174,1861.63,2,17,51,12,4,2025,0,0,0,211.14,230.79,228.8,332.0,242.0,264.0,2025-12-17,174
2025-12-18,247,2702.62,3,18,51,12,4,2025,0,0,0,221.57,233.86,228.0,174.0,174.0,204.0,2025-12-18,247
2025-12-19,229,2546.06,4,19,51,12,4,2025,0,0,0,224.29,232.57,226.07,247.0,210.0,247.0,2025-12-19,229
2025-12-20,173,1912.96,5,20,51,12,4,2025,1,0,0,218.14,225.0,227.9,229.0,216.0,279.0,2025-12-20,173
2025-12-21,199,2226.4,6,21,51,12,4,2025,1,0,0,222.0,228.0,229.2,173.0,172.0,157.0,2025-12-21,199
2025-12-22,178,1964.41,0,22,52,12,4,2025,0,0,0,218.86,223.93,230.27,199.0,200.0,235.0,2025-12-22,178
2025-12-23,250,2844.24,1,23,52,12,4,2025,0,0,0,207.14,214.0,232.73,178.0,332.0,389.0,2025-12-23,250
2025-12-24,282,3222.43,2,24,52,12,4,2025,0,0,0,222.57,216.86,233.63,250.0,174.0,242.0,2025-12-24,282
2025-12-25,238,2741.54,3,25,52,12,4,2025,0,0,0,221.29,221.43,235.23,282.0,247.0,174.0,2025-12-25,238
